Existing URL,Planned production URL,Preview URL,Action
https://www.homebuyerswi.com/,https://www.homebuyerswi.com/,https://andrewpcherry.github.io/homebuyerswi-funnel/,Keep existing path
https://www.homebuyerswi.com/blog/,https://www.homebuyerswi.com/blog/,https://andrewpcherry.github.io/homebuyerswi-funnel/blog/,Keep existing path
https://www.homebuyerswi.com/sell-your-house/,https://www.homebuyerswi.com/sell-your-house/,https://andrewpcherry.github.io/homebuyerswi-funnel/sell-your-house/,Keep existing path
https://www.homebuyerswi.com/testimonials/,https://www.homebuyerswi.com/testimonials/,https://andrewpcherry.github.io/homebuyerswi-funnel/testimonials/,Keep existing path
https://www.homebuyerswi.com/our-company/,https://www.homebuyerswi.com/our-company/,https://andrewpcherry.github.io/homebuyerswi-funnel/our-company/,Keep existing path
https://www.homebuyerswi.com/contact-us/,https://www.homebuyerswi.com/contact-us/,https://andrewpcherry.github.io/homebuyerswi-funnel/contact-us/,Keep existing path
https://www.homebuyerswi.com/resource-page/,https://www.homebuyerswi.com/resource-page/,https://andrewpcherry.github.io/homebuyerswi-funnel/resource-page/,Keep existing path
https://www.homebuyerswi.com/avoiding-foreclosure/,https://www.homebuyerswi.com/avoiding-foreclosure/,https://andrewpcherry.github.io/homebuyerswi-funnel/avoiding-foreclosure/,Keep existing path
https://www.homebuyerswi.com/thank-you/,https://www.homebuyerswi.com/thank-you/,https://andrewpcherry.github.io/homebuyerswi-funnel/thank-you/,Keep existing path
https://www.homebuyerswi.com/faq/,https://www.homebuyerswi.com/faq/,https://andrewpcherry.github.io/homebuyerswi-funnel/faq/,Keep existing path
https://www.homebuyerswi.com/how-we-buy-houses/,https://www.homebuyerswi.com/how-we-buy-houses/,https://andrewpcherry.github.io/homebuyerswi-funnel/how-we-buy-houses/,Keep existing path
https://www.homebuyerswi.com/get-a-cash-offer-today/,https://www.homebuyerswi.com/get-a-cash-offer-today/,https://andrewpcherry.github.io/homebuyerswi-funnel/get-a-cash-offer-today/,Keep existing path
https://www.homebuyerswi.com/privacy/,https://www.homebuyerswi.com/privacy/,https://andrewpcherry.github.io/homebuyerswi-funnel/privacy/,Keep existing path
https://www.homebuyerswi.com/compare/,https://www.homebuyerswi.com/compare/,https://andrewpcherry.github.io/homebuyerswi-funnel/compare/,Keep existing path
https://www.homebuyerswi.com/we-buy-houses-waukesha-wi/,https://www.homebuyerswi.com/we-buy-houses-waukesha-wi/,https://andrewpcherry.github.io/homebuyerswi-funnel/we-buy-houses-waukesha-wi/,Keep existing path
https://www.homebuyerswi.com/we-buy-houses-racine-wi/,https://www.homebuyerswi.com/we-buy-houses-racine-wi/,https://andrewpcherry.github.io/homebuyerswi-funnel/we-buy-houses-racine-wi/,Keep existing path
https://www.homebuyerswi.com/we-buy-houses-wauwatosa-wi/,https://www.homebuyerswi.com/we-buy-houses-wauwatosa-wi/,https://andrewpcherry.github.io/homebuyerswi-funnel/we-buy-houses-wauwatosa-wi/,Keep existing path
https://www.homebuyerswi.com/we-buy-houses-new-berlin-wi/,https://www.homebuyerswi.com/we-buy-houses-new-berlin-wi/,https://andrewpcherry.github.io/homebuyerswi-funnel/we-buy-houses-new-berlin-wi/,Keep existing path
https://www.homebuyerswi.com/1283-2/,https://www.homebuyerswi.com/1283-2/,https://andrewpcherry.github.io/homebuyerswi-funnel/1283-2/,Keep existing path
https://www.homebuyerswi.com/selling-an-inherited-property-wisconsin/,https://www.homebuyerswi.com/selling-an-inherited-property-wisconsin/,https://andrewpcherry.github.io/homebuyerswi-funnel/selling-an-inherited-property-wisconsin/,Keep existing path
https://www.homebuyerswi.com/can-i-sell-my-house-in-foreclosure-in-wisconsin/,https://www.homebuyerswi.com/can-i-sell-my-house-in-foreclosure-in-wisconsin/,https://andrewpcherry.github.io/homebuyerswi-funnel/can-i-sell-my-house-in-foreclosure-in-wisconsin/,Keep existing path
https://www.homebuyerswi.com/we-buy-houses-greenfield-wi/,https://www.homebuyerswi.com/we-buy-houses-greenfield-wi/,https://andrewpcherry.github.io/homebuyerswi-funnel/we-buy-houses-greenfield-wi/,Keep existing path
https://www.homebuyerswi.com/selling-a-house-with-foundation-issues-wisconsin/,https://www.homebuyerswi.com/selling-a-house-with-foundation-issues-wisconsin/,https://andrewpcherry.github.io/homebuyerswi-funnel/selling-a-house-with-foundation-issues-wisconsin/,Keep existing path
https://www.homebuyerswi.com/blog/sell-any-unwanted-property-in-milwaukee/,https://www.homebuyerswi.com/blog/sell-any-unwanted-property-in-milwaukee/,https://andrewpcherry.github.io/homebuyerswi-funnel/blog/sell-any-unwanted-property-in-milwaukee/,Keep existing path
https://www.homebuyerswi.com/blog/absentee-owners-who-need-to-sell-a-house-in-milwaukee/,https://www.homebuyerswi.com/blog/absentee-owners-who-need-to-sell-a-house-in-milwaukee/,https://andrewpcherry.github.io/homebuyerswi-funnel/blog/absentee-owners-who-need-to-sell-a-house-in-milwaukee/,Keep existing path
https://www.homebuyerswi.com/blog/real-estate-disclosures-when-selling-your-house-milwaukee/,https://www.homebuyerswi.com/blog/real-estate-disclosures-when-selling-your-house-milwaukee/,https://andrewpcherry.github.io/homebuyerswi-funnel/blog/real-estate-disclosures-when-selling-your-house-milwaukee/,Keep existing path
https://www.homebuyerswi.com/blog/direct-sale-for-homeowners-in-milwaukee/,https://www.homebuyerswi.com/blog/direct-sale-for-homeowners-in-milwaukee/,https://andrewpcherry.github.io/homebuyerswi-funnel/blog/direct-sale-for-homeowners-in-milwaukee/,Keep existing path
https://www.homebuyerswi.com/blog/selling-your-house-directly-in-milwaukee-4/,https://www.homebuyerswi.com/blog/selling-your-house-directly-in-milwaukee-4/,https://andrewpcherry.github.io/homebuyerswi-funnel/blog/selling-your-house-directly-in-milwaukee-4/,Keep existing path
https://www.homebuyerswi.com/blog/your-milwaukee-real-estate-investment/,https://www.homebuyerswi.com/blog/your-milwaukee-real-estate-investment/,https://andrewpcherry.github.io/homebuyerswi-funnel/blog/your-milwaukee-real-estate-investment/,Keep existing path
https://www.homebuyerswi.com/blog/sell-your-house-in-milwaukee-27/,https://www.homebuyerswi.com/blog/sell-your-house-in-milwaukee-27/,https://andrewpcherry.github.io/homebuyerswi-funnel/blog/sell-your-house-in-milwaukee-27/,Keep existing path
https://www.homebuyerswi.com/blog/selling-your-milwaukee-house-with-owner-financing/,https://www.homebuyerswi.com/blog/selling-your-milwaukee-house-with-owner-financing/,https://andrewpcherry.github.io/homebuyerswi-funnel/blog/selling-your-milwaukee-house-with-owner-financing/,Keep existing path
https://www.homebuyerswi.com/blog/sell-your-house-during-bankruptcy-in-wisconsin-2/,https://www.homebuyerswi.com/blog/sell-your-house-during-bankruptcy-in-wisconsin-2/,https://andrewpcherry.github.io/homebuyerswi-funnel/blog/sell-your-house-during-bankruptcy-in-wisconsin-2/,Keep existing path
https://www.homebuyerswi.com/blog/upside-down-on-your-mortgage-in-wisconsin-2/,https://www.homebuyerswi.com/blog/upside-down-on-your-mortgage-in-wisconsin-2/,https://andrewpcherry.github.io/homebuyerswi-funnel/blog/upside-down-on-your-mortgage-in-wisconsin-2/,Keep existing path
https://www.homebuyerswi.com/blog/pre-foreclosure-vs-foreclosure-for-homeowners-in-wisconsin-2/,https://www.homebuyerswi.com/blog/pre-foreclosure-vs-foreclosure-for-homeowners-in-wisconsin-2/,https://andrewpcherry.github.io/homebuyerswi-funnel/blog/pre-foreclosure-vs-foreclosure-for-homeowners-in-wisconsin-2/,Keep existing path
https://www.homebuyerswi.com/blog/traditional-sales-vs-short-sales-and-foreclosures-in-wisconsin-2/,https://www.homebuyerswi.com/blog/traditional-sales-vs-short-sales-and-foreclosures-in-wisconsin-2/,https://andrewpcherry.github.io/homebuyerswi-funnel/blog/traditional-sales-vs-short-sales-and-foreclosures-in-wisconsin-2/,Keep existing path
https://www.homebuyerswi.com/blog/foreclosure-of-your-wisconsin-house-will-impact-you-2-2/,https://www.homebuyerswi.com/blog/foreclosure-of-your-wisconsin-house-will-impact-you-2-2/,https://andrewpcherry.github.io/homebuyerswi-funnel/blog/foreclosure-of-your-wisconsin-house-will-impact-you-2-2/,Keep existing path
https://www.homebuyerswi.com/blog/avoiding-foreclosure-wisconsin-direct-property-buyers-can-help-2/,https://www.homebuyerswi.com/blog/avoiding-foreclosure-wisconsin-direct-property-buyers-can-help-2/,https://andrewpcherry.github.io/homebuyerswi-funnel/blog/avoiding-foreclosure-wisconsin-direct-property-buyers-can-help-2/,Keep existing path
https://www.homebuyerswi.com/blog/homeowners-in-wisconsin-can-expect-during-the-foreclosure-process-2/,https://www.homebuyerswi.com/blog/homeowners-in-wisconsin-can-expect-during-the-foreclosure-process-2/,https://andrewpcherry.github.io/homebuyerswi-funnel/blog/homeowners-in-wisconsin-can-expect-during-the-foreclosure-process-2/,Keep existing path
https://www.homebuyerswi.com/blog/rising-foreclosure-rates-home-buyers-sellers-wisconsin-2/,https://www.homebuyerswi.com/blog/rising-foreclosure-rates-home-buyers-sellers-wisconsin-2/,https://andrewpcherry.github.io/homebuyerswi-funnel/blog/rising-foreclosure-rates-home-buyers-sellers-wisconsin-2/,Keep existing path
https://www.homebuyerswi.com/blog/sell-your-house-in-wisconsin-if-you-owe-2/,https://www.homebuyerswi.com/blog/sell-your-house-in-wisconsin-if-you-owe-2/,https://andrewpcherry.github.io/homebuyerswi-funnel/blog/sell-your-house-in-wisconsin-if-you-owe-2/,Keep existing path
https://www.homebuyerswi.com/blog/stopping-the-foreclosure-process-wisconsin-homeowners-2/,https://www.homebuyerswi.com/blog/stopping-the-foreclosure-process-wisconsin-homeowners-2/,https://andrewpcherry.github.io/homebuyerswi-funnel/blog/stopping-the-foreclosure-process-wisconsin-homeowners-2/,Keep existing path
https://www.homebuyerswi.com/blog/how-to-avoid-probate-court-in-wisconsin/,https://www.homebuyerswi.com/blog/how-to-avoid-probate-court-in-wisconsin/,https://andrewpcherry.github.io/homebuyerswi-funnel/blog/how-to-avoid-probate-court-in-wisconsin/,Keep existing path
https://www.homebuyerswi.com/blog/how-to-price-your-inherited-home-in-wisconsin-for-sale/,https://www.homebuyerswi.com/blog/how-to-price-your-inherited-home-in-wisconsin-for-sale/,https://andrewpcherry.github.io/homebuyerswi-funnel/blog/how-to-price-your-inherited-home-in-wisconsin-for-sale/,Keep existing path
https://www.homebuyerswi.com/blog/tax-consequences-when-selling-a-house-i-inherited-in-wisconsin/,https://www.homebuyerswi.com/blog/tax-consequences-when-selling-a-house-i-inherited-in-wisconsin/,https://andrewpcherry.github.io/homebuyerswi-funnel/blog/tax-consequences-when-selling-a-house-i-inherited-in-wisconsin/,Keep existing path
https://www.homebuyerswi.com/blog/inherited-wisconsin-property-no-will/,https://www.homebuyerswi.com/blog/inherited-wisconsin-property-no-will/,https://andrewpcherry.github.io/homebuyerswi-funnel/blog/inherited-wisconsin-property-no-will/,Keep existing path
https://www.homebuyerswi.com/blog/siblings-dealing-with-inherited-property/,https://www.homebuyerswi.com/blog/siblings-dealing-with-inherited-property/,https://andrewpcherry.github.io/homebuyerswi-funnel/blog/siblings-dealing-with-inherited-property/,Keep existing path
https://www.homebuyerswi.com/blog/sell-an-inherited-house-many-heirs-in-wisconsin/,https://www.homebuyerswi.com/blog/sell-an-inherited-house-many-heirs-in-wisconsin/,https://andrewpcherry.github.io/homebuyerswi-funnel/blog/sell-an-inherited-house-many-heirs-in-wisconsin/,Keep existing path
https://www.homebuyerswi.com/blog/inheriting-a-property-in-wisconsin/,https://www.homebuyerswi.com/blog/inheriting-a-property-in-wisconsin/,https://andrewpcherry.github.io/homebuyerswi-funnel/blog/inheriting-a-property-in-wisconsin/,Keep existing path
https://www.homebuyerswi.com/blog/inheriting-a-house-in-wisconsin/,https://www.homebuyerswi.com/blog/inheriting-a-house-in-wisconsin/,https://andrewpcherry.github.io/homebuyerswi-funnel/blog/inheriting-a-house-in-wisconsin/,Keep existing path
https://www.homebuyerswi.com/blog/can-i-give-my-house-in-milwaukee-back-to-the-bank-without-an-expensive-foreclosure/,https://www.homebuyerswi.com/blog/can-i-give-my-house-in-milwaukee-back-to-the-bank-without-an-expensive-foreclosure/,https://andrewpcherry.github.io/homebuyerswi-funnel/blog/can-i-give-my-house-in-milwaukee-back-to-the-bank-without-an-expensive-foreclosure/,Keep existing path
https://www.homebuyerswi.com/blog/how-to-sell-your-house-by-yourself-in-milwaukee-a-short-guide/,https://www.homebuyerswi.com/blog/how-to-sell-your-house-by-yourself-in-milwaukee-a-short-guide/,https://andrewpcherry.github.io/homebuyerswi-funnel/blog/how-to-sell-your-house-by-yourself-in-milwaukee-a-short-guide/,Keep existing path
https://www.homebuyerswi.com/blog/how-to-sell-your-house-quickly-in-milwaukee-without-any-hassle/,https://www.homebuyerswi.com/blog/how-to-sell-your-house-quickly-in-milwaukee-without-any-hassle/,https://andrewpcherry.github.io/homebuyerswi-funnel/blog/how-to-sell-your-house-quickly-in-milwaukee-without-any-hassle/,Keep existing path
https://www.homebuyerswi.com/blog/what-is-a-short-sale-and-how-does-it-benefit-you-in-milwaukee/,https://www.homebuyerswi.com/blog/what-is-a-short-sale-and-how-does-it-benefit-you-in-milwaukee/,https://andrewpcherry.github.io/homebuyerswi-funnel/blog/what-is-a-short-sale-and-how-does-it-benefit-you-in-milwaukee/,Keep existing path
https://www.homebuyerswi.com/blog/do-these-things-before-selling-your-house-in-milwaukee/,https://www.homebuyerswi.com/blog/do-these-things-before-selling-your-house-in-milwaukee/,https://andrewpcherry.github.io/homebuyerswi-funnel/blog/do-these-things-before-selling-your-house-in-milwaukee/,Keep existing path
https://www.homebuyerswi.com/blog/is-auctioning-your-house-a-good-idea-in-milwaukee/,https://www.homebuyerswi.com/blog/is-auctioning-your-house-a-good-idea-in-milwaukee/,https://andrewpcherry.github.io/homebuyerswi-funnel/blog/is-auctioning-your-house-a-good-idea-in-milwaukee/,Keep existing path
https://www.homebuyerswi.com/blog/shouldnt-hire-an-agent-when-selling-your-land-in-milwaukee/,https://www.homebuyerswi.com/blog/shouldnt-hire-an-agent-when-selling-your-land-in-milwaukee/,https://andrewpcherry.github.io/homebuyerswi-funnel/blog/shouldnt-hire-an-agent-when-selling-your-land-in-milwaukee/,Keep existing path
https://www.homebuyerswi.com/blog/deciding-between-a-listing-and-a-direct-sale-for-your-milwaukee-home/,https://www.homebuyerswi.com/blog/deciding-between-a-listing-and-a-direct-sale-for-your-milwaukee-home/,https://andrewpcherry.github.io/homebuyerswi-funnel/blog/deciding-between-a-listing-and-a-direct-sale-for-your-milwaukee-home/,Keep existing path
https://www.homebuyerswi.com/blog/disclosures-when-selling-your-house-in-milwaukee/,https://www.homebuyerswi.com/blog/disclosures-when-selling-your-house-in-milwaukee/,https://andrewpcherry.github.io/homebuyerswi-funnel/blog/disclosures-when-selling-your-house-in-milwaukee/,Keep existing path
https://www.homebuyerswi.com/blog/simplify-the-selling-process-a-guide-for-milwaukee-homeowners/,https://www.homebuyerswi.com/blog/simplify-the-selling-process-a-guide-for-milwaukee-homeowners/,https://andrewpcherry.github.io/homebuyerswi-funnel/blog/simplify-the-selling-process-a-guide-for-milwaukee-homeowners/,Keep existing path
https://www.homebuyerswi.com/blog/hidden-costs-of-your-milwaukee-land/,https://www.homebuyerswi.com/blog/hidden-costs-of-your-milwaukee-land/,https://andrewpcherry.github.io/homebuyerswi-funnel/blog/hidden-costs-of-your-milwaukee-land/,Keep existing path
https://www.homebuyerswi.com/blog/sell-a-house-in-milwaukee-6/,https://www.homebuyerswi.com/blog/sell-a-house-in-milwaukee-6/,https://andrewpcherry.github.io/homebuyerswi-funnel/blog/sell-a-house-in-milwaukee-6/,Keep existing path
https://www.homebuyerswi.com/blog/what-agents-wont-tell-you-about-selling-your-house-in-milwaukee/,https://www.homebuyerswi.com/blog/what-agents-wont-tell-you-about-selling-your-house-in-milwaukee/,https://andrewpcherry.github.io/homebuyerswi-funnel/blog/what-agents-wont-tell-you-about-selling-your-house-in-milwaukee/,Keep existing path
https://www.homebuyerswi.com/blog/sell-your-house-fast-in-milwaukee-without-spending-any-money/,https://www.homebuyerswi.com/blog/sell-your-house-fast-in-milwaukee-without-spending-any-money/,https://andrewpcherry.github.io/homebuyerswi-funnel/blog/sell-your-house-fast-in-milwaukee-without-spending-any-money/,Keep existing path
https://www.homebuyerswi.com/blog/help-you-sell-your-property-fast-in-milwaukee/,https://www.homebuyerswi.com/blog/help-you-sell-your-property-fast-in-milwaukee/,https://andrewpcherry.github.io/homebuyerswi-funnel/blog/help-you-sell-your-property-fast-in-milwaukee/,Keep existing path
https://www.homebuyerswi.com/blog/selling-your-land-in-milwaukee-3/,https://www.homebuyerswi.com/blog/selling-your-land-in-milwaukee-3/,https://andrewpcherry.github.io/homebuyerswi-funnel/blog/selling-your-land-in-milwaukee-3/,Keep existing path
https://www.homebuyerswi.com/blog/sell-your-house-directly-in-milwaukee-even-with-a-mortgage/,https://www.homebuyerswi.com/blog/sell-your-house-directly-in-milwaukee-even-with-a-mortgage/,https://andrewpcherry.github.io/homebuyerswi-funnel/blog/sell-your-house-directly-in-milwaukee-even-with-a-mortgage/,Keep existing path
https://www.homebuyerswi.com/blog/best-way-to-sell-your-house-in-milwaukee/,https://www.homebuyerswi.com/blog/best-way-to-sell-your-house-in-milwaukee/,https://andrewpcherry.github.io/homebuyerswi-funnel/blog/best-way-to-sell-your-house-in-milwaukee/,Keep existing path
https://www.homebuyerswi.com/blog/sell-a-house-that-you-have-outgrown-in-milwaukee/,https://www.homebuyerswi.com/blog/sell-a-house-that-you-have-outgrown-in-milwaukee/,https://andrewpcherry.github.io/homebuyerswi-funnel/blog/sell-a-house-that-you-have-outgrown-in-milwaukee/,Keep existing path
https://www.homebuyerswi.com/blog/things-that-are-keeping-your-house-from-selling-in-milwaukee/,https://www.homebuyerswi.com/blog/things-that-are-keeping-your-house-from-selling-in-milwaukee/,https://andrewpcherry.github.io/homebuyerswi-funnel/blog/things-that-are-keeping-your-house-from-selling-in-milwaukee/,Keep existing path
https://www.homebuyerswi.com/blog/selling-land-in-milwaukee/,https://www.homebuyerswi.com/blog/selling-land-in-milwaukee/,https://andrewpcherry.github.io/homebuyerswi-funnel/blog/selling-land-in-milwaukee/,Keep existing path
https://www.homebuyerswi.com/blog/selling-a-house-in-milwaukee-that-youve-lived-in-for-over-20-years/,https://www.homebuyerswi.com/blog/selling-a-house-in-milwaukee-that-youve-lived-in-for-over-20-years/,https://andrewpcherry.github.io/homebuyerswi-funnel/blog/selling-a-house-in-milwaukee-that-youve-lived-in-for-over-20-years/,Keep existing path
https://www.homebuyerswi.com/blog/milwaukee-home-selling-options/,https://www.homebuyerswi.com/blog/milwaukee-home-selling-options/,https://andrewpcherry.github.io/homebuyerswi-funnel/blog/milwaukee-home-selling-options/,Keep existing path
https://www.homebuyerswi.com/blog/costs-of-hiring-an-agent-to-sell-your-house-in-milwaukee/,https://www.homebuyerswi.com/blog/costs-of-hiring-an-agent-to-sell-your-house-in-milwaukee/,https://andrewpcherry.github.io/homebuyerswi-funnel/blog/costs-of-hiring-an-agent-to-sell-your-house-in-milwaukee/,Keep existing path
https://www.homebuyerswi.com/blog/selling-your-house-in-milwaukee-when-you-have-roommates/,https://www.homebuyerswi.com/blog/selling-your-house-in-milwaukee-when-you-have-roommates/,https://andrewpcherry.github.io/homebuyerswi-funnel/blog/selling-your-house-in-milwaukee-when-you-have-roommates/,Keep existing path
https://www.homebuyerswi.com/blog/sell-your-milwaukee-house-without-spending-any-money/,https://www.homebuyerswi.com/blog/sell-your-milwaukee-house-without-spending-any-money/,https://andrewpcherry.github.io/homebuyerswi-funnel/blog/sell-your-milwaukee-house-without-spending-any-money/,Keep existing path
https://www.homebuyerswi.com/blog/buy-my-milwaukee-wisconsin-house-for-cash/,https://www.homebuyerswi.com/blog/buy-my-milwaukee-wisconsin-house-for-cash/,https://andrewpcherry.github.io/homebuyerswi-funnel/blog/buy-my-milwaukee-wisconsin-house-for-cash/,Keep existing path
https://www.homebuyerswi.com/blog/we-buy-houses-for-cash-in-milwaukee/,https://www.homebuyerswi.com/blog/we-buy-houses-for-cash-in-milwaukee/,https://andrewpcherry.github.io/homebuyerswi-funnel/blog/we-buy-houses-for-cash-in-milwaukee/,Keep existing path
https://www.homebuyerswi.com/blog/cash-for-homes/,https://www.homebuyerswi.com/blog/cash-for-homes/,https://andrewpcherry.github.io/homebuyerswi-funnel/blog/cash-for-homes/,Keep existing path
https://www.homebuyerswi.com/blog/sell-a-house-for-cash-in-milwaukee-kustom-property-solutions/,https://www.homebuyerswi.com/blog/sell-a-house-for-cash-in-milwaukee-kustom-property-solutions/,https://andrewpcherry.github.io/homebuyerswi-funnel/blog/sell-a-house-for-cash-in-milwaukee-kustom-property-solutions/,Keep existing path
https://www.homebuyerswi.com/blog/who-can-buy-my-home-with-cash-in-milwaukee/,https://www.homebuyerswi.com/blog/who-can-buy-my-home-with-cash-in-milwaukee/,https://andrewpcherry.github.io/homebuyerswi-funnel/blog/who-can-buy-my-home-with-cash-in-milwaukee/,Keep existing path
https://www.homebuyerswi.com/blog/cash-for-homes-in-milwaukee-wisconsin/,https://www.homebuyerswi.com/blog/cash-for-homes-in-milwaukee-wisconsin/,https://andrewpcherry.github.io/homebuyerswi-funnel/blog/cash-for-homes-in-milwaukee-wisconsin/,Keep existing path
https://www.homebuyerswi.com/blog/cash-for-houses-in-milwaukee/,https://www.homebuyerswi.com/blog/cash-for-houses-in-milwaukee/,https://andrewpcherry.github.io/homebuyerswi-funnel/blog/cash-for-houses-in-milwaukee/,Keep existing path
https://www.homebuyerswi.com/blog/cash-house-buyers-in-milwaukee/,https://www.homebuyerswi.com/blog/cash-house-buyers-in-milwaukee/,https://andrewpcherry.github.io/homebuyerswi-funnel/blog/cash-house-buyers-in-milwaukee/,Keep existing path
https://www.homebuyerswi.com/blog/who-are-the-cash-house-buyers-in-milwaukee-wisconsin/,https://www.homebuyerswi.com/blog/who-are-the-cash-house-buyers-in-milwaukee-wisconsin/,https://andrewpcherry.github.io/homebuyerswi-funnel/blog/who-are-the-cash-house-buyers-in-milwaukee-wisconsin/,Keep existing path
https://www.homebuyerswi.com/blog/buy-my-house-for-cash-in-milwaukee/,https://www.homebuyerswi.com/blog/buy-my-house-for-cash-in-milwaukee/,https://andrewpcherry.github.io/homebuyerswi-funnel/blog/buy-my-house-for-cash-in-milwaukee/,Keep existing path
https://www.homebuyerswi.com/blog/foreclosure-effects-in-milwaukee-wisconsin/,https://www.homebuyerswi.com/blog/foreclosure-effects-in-milwaukee-wisconsin/,https://andrewpcherry.github.io/homebuyerswi-funnel/blog/foreclosure-effects-in-milwaukee-wisconsin/,Keep existing path
https://www.homebuyerswi.com/blog/sell-a-house-with-cloudy-title-in-milwaukee/,https://www.homebuyerswi.com/blog/sell-a-house-with-cloudy-title-in-milwaukee/,https://andrewpcherry.github.io/homebuyerswi-funnel/blog/sell-a-house-with-cloudy-title-in-milwaukee/,Keep existing path
https://www.homebuyerswi.com/blog/selling-your-house-in-milwaukee-23/,https://www.homebuyerswi.com/blog/selling-your-house-in-milwaukee-23/,https://andrewpcherry.github.io/homebuyerswi-funnel/blog/selling-your-house-in-milwaukee-23/,Keep existing path
https://www.homebuyerswi.com/blog/expired-listing-agreement-in-milwaukee/,https://www.homebuyerswi.com/blog/expired-listing-agreement-in-milwaukee/,https://andrewpcherry.github.io/homebuyerswi-funnel/blog/expired-listing-agreement-in-milwaukee/,Keep existing path
https://www.homebuyerswi.com/blog/downsize-your-house-in-milwaukee-5/,https://www.homebuyerswi.com/blog/downsize-your-house-in-milwaukee-5/,https://andrewpcherry.github.io/homebuyerswi-funnel/blog/downsize-your-house-in-milwaukee-5/,Keep existing path
https://www.homebuyerswi.com/blog/home-buyers-in-milwaukee-2/,https://www.homebuyerswi.com/blog/home-buyers-in-milwaukee-2/,https://andrewpcherry.github.io/homebuyerswi-funnel/blog/home-buyers-in-milwaukee-2/,Keep existing path
https://www.homebuyerswi.com/blog/things-a-milwaukee-listing-agent-wont-tell-you/,https://www.homebuyerswi.com/blog/things-a-milwaukee-listing-agent-wont-tell-you/,https://andrewpcherry.github.io/homebuyerswi-funnel/blog/things-a-milwaukee-listing-agent-wont-tell-you/,Keep existing path
https://www.homebuyerswi.com/blog/sell-their-homes-directly-in-milwaukee-during-covid-19/,https://www.homebuyerswi.com/blog/sell-their-homes-directly-in-milwaukee-during-covid-19/,https://andrewpcherry.github.io/homebuyerswi-funnel/blog/sell-their-homes-directly-in-milwaukee-during-covid-19/,Keep existing path
https://www.homebuyerswi.com/blog/inheriting-real-estate-in-milwaukee/,https://www.homebuyerswi.com/blog/inheriting-real-estate-in-milwaukee/,https://andrewpcherry.github.io/homebuyerswi-funnel/blog/inheriting-real-estate-in-milwaukee/,Keep existing path
https://www.homebuyerswi.com/blog/downsizing-their-homes-in-milwaukee/,https://www.homebuyerswi.com/blog/downsizing-their-homes-in-milwaukee/,https://andrewpcherry.github.io/homebuyerswi-funnel/blog/downsizing-their-homes-in-milwaukee/,Keep existing path
https://www.homebuyerswi.com/blog/home-values-in-milwaukee/,https://www.homebuyerswi.com/blog/home-values-in-milwaukee/,https://andrewpcherry.github.io/homebuyerswi-funnel/blog/home-values-in-milwaukee/,Keep existing path
https://www.homebuyerswi.com/blog/inspections-and-appraisals-in-milwaukee/,https://www.homebuyerswi.com/blog/inspections-and-appraisals-in-milwaukee/,https://andrewpcherry.github.io/homebuyerswi-funnel/blog/inspections-and-appraisals-in-milwaukee/,Keep existing path
https://www.homebuyerswi.com/blog/5-things-you-should-do-to-sell-your-house-fast-in-milwaukee/,https://www.homebuyerswi.com/blog/5-things-you-should-do-to-sell-your-house-fast-in-milwaukee/,https://andrewpcherry.github.io/homebuyerswi-funnel/blog/5-things-you-should-do-to-sell-your-house-fast-in-milwaukee/,Keep existing path
https://www.homebuyerswi.com/blog/5-steps-for-selling-your-house-with-tenants-in-milwaukee/,https://www.homebuyerswi.com/blog/5-steps-for-selling-your-house-with-tenants-in-milwaukee/,https://andrewpcherry.github.io/homebuyerswi-funnel/blog/5-steps-for-selling-your-house-with-tenants-in-milwaukee/,Keep existing path
https://www.homebuyerswi.com/blog/5-tips-for-selling-your-house-with-damage-in-milwaukee/,https://www.homebuyerswi.com/blog/5-tips-for-selling-your-house-with-damage-in-milwaukee/,https://andrewpcherry.github.io/homebuyerswi-funnel/blog/5-tips-for-selling-your-house-with-damage-in-milwaukee/,Keep existing path
https://www.homebuyerswi.com/blog/5-hidden-costs-of-working-with-a-milwaukee-real-estate-agent/,https://www.homebuyerswi.com/blog/5-hidden-costs-of-working-with-a-milwaukee-real-estate-agent/,https://andrewpcherry.github.io/homebuyerswi-funnel/blog/5-hidden-costs-of-working-with-a-milwaukee-real-estate-agent/,Keep existing path
https://www.homebuyerswi.com/blog/sell-your-unwanted-house-in-milwaukee-to-take-advantage-of-the-low-interest-rates/,https://www.homebuyerswi.com/blog/sell-your-unwanted-house-in-milwaukee-to-take-advantage-of-the-low-interest-rates/,https://andrewpcherry.github.io/homebuyerswi-funnel/blog/sell-your-unwanted-house-in-milwaukee-to-take-advantage-of-the-low-interest-rates/,Keep existing path
https://www.homebuyerswi.com/blog/4-ways-waiting-to-sell-your-house-in-milwaukee-will-cost-you/,https://www.homebuyerswi.com/blog/4-ways-waiting-to-sell-your-house-in-milwaukee-will-cost-you/,https://andrewpcherry.github.io/homebuyerswi-funnel/blog/4-ways-waiting-to-sell-your-house-in-milwaukee-will-cost-you/,Keep existing path
https://www.homebuyerswi.com/blog/how-to-quickly-pay-off-your-student-loans-if-you-are-a-homeowner-in-milwaukee/,https://www.homebuyerswi.com/blog/how-to-quickly-pay-off-your-student-loans-if-you-are-a-homeowner-in-milwaukee/,https://andrewpcherry.github.io/homebuyerswi-funnel/blog/how-to-quickly-pay-off-your-student-loans-if-you-are-a-homeowner-in-milwaukee/,Keep existing path
https://www.homebuyerswi.com/blog/coronavirus-precautions-when-buying-or-selling-a-house-in-milwaukee/,https://www.homebuyerswi.com/blog/coronavirus-precautions-when-buying-or-selling-a-house-in-milwaukee/,https://andrewpcherry.github.io/homebuyerswi-funnel/blog/coronavirus-precautions-when-buying-or-selling-a-house-in-milwaukee/,Keep existing path
https://www.homebuyerswi.com/blog/how-to-quickly-boost-your-retirement-fund-if-you-are-a-homeowner-in-milwaukee/,https://www.homebuyerswi.com/blog/how-to-quickly-boost-your-retirement-fund-if-you-are-a-homeowner-in-milwaukee/,https://andrewpcherry.github.io/homebuyerswi-funnel/blog/how-to-quickly-boost-your-retirement-fund-if-you-are-a-homeowner-in-milwaukee/,Keep existing path
https://www.homebuyerswi.com/blog/can-you-still-sell-your-house-during-the-coronavirus-pandemic-in-milwaukee/,https://www.homebuyerswi.com/blog/can-you-still-sell-your-house-during-the-coronavirus-pandemic-in-milwaukee/,https://andrewpcherry.github.io/homebuyerswi-funnel/blog/can-you-still-sell-your-house-during-the-coronavirus-pandemic-in-milwaukee/,Keep existing path
https://www.homebuyerswi.com/blog/what-are-the-different-fees-paid-to-agents-versus-paid-to-investors/,https://www.homebuyerswi.com/blog/what-are-the-different-fees-paid-to-agents-versus-paid-to-investors/,https://andrewpcherry.github.io/homebuyerswi-funnel/blog/what-are-the-different-fees-paid-to-agents-versus-paid-to-investors/,Keep existing path
https://www.homebuyerswi.com/blog/5-reasons-why-people-are-selling-their-homes-directly-in-milwaukee/,https://www.homebuyerswi.com/blog/5-reasons-why-people-are-selling-their-homes-directly-in-milwaukee/,https://andrewpcherry.github.io/homebuyerswi-funnel/blog/5-reasons-why-people-are-selling-their-homes-directly-in-milwaukee/,Keep existing path
https://www.homebuyerswi.com/blog/6-things-to-know-before-selling-your-house-on-your-own-in-milwaukee/,https://www.homebuyerswi.com/blog/6-things-to-know-before-selling-your-house-on-your-own-in-milwaukee/,https://andrewpcherry.github.io/homebuyerswi-funnel/blog/6-things-to-know-before-selling-your-house-on-your-own-in-milwaukee/,Keep existing path
https://www.homebuyerswi.com/blog/understanding-all-the-costs-of-homeownership-in-milwaukee/,https://www.homebuyerswi.com/blog/understanding-all-the-costs-of-homeownership-in-milwaukee/,https://andrewpcherry.github.io/homebuyerswi-funnel/blog/understanding-all-the-costs-of-homeownership-in-milwaukee/,Keep existing path
https://www.homebuyerswi.com/blog/disadvantage-of-selling-to-an-investor-over-a-traditional-buyer-in-milwaukee/,https://www.homebuyerswi.com/blog/disadvantage-of-selling-to-an-investor-over-a-traditional-buyer-in-milwaukee/,https://andrewpcherry.github.io/homebuyerswi-funnel/blog/disadvantage-of-selling-to-an-investor-over-a-traditional-buyer-in-milwaukee/,Keep existing path
https://www.homebuyerswi.com/blog/what-happens-when-you-inherit-a-house-in-wisconsin/,https://www.homebuyerswi.com/blog/what-happens-when-you-inherit-a-house-in-wisconsin/,https://andrewpcherry.github.io/homebuyerswi-funnel/blog/what-happens-when-you-inherit-a-house-in-wisconsin/,Keep existing path
https://www.homebuyerswi.com/blog/why-you-should-sell-to-an-investor-in-milwaukee-over-an-ibuyer/,https://www.homebuyerswi.com/blog/why-you-should-sell-to-an-investor-in-milwaukee-over-an-ibuyer/,https://andrewpcherry.github.io/homebuyerswi-funnel/blog/why-you-should-sell-to-an-investor-in-milwaukee-over-an-ibuyer/,Keep existing path
https://www.homebuyerswi.com/blog/5-signs-a-traditional-sale-isnt-right-for-you-in-milwaukee/,https://www.homebuyerswi.com/blog/5-signs-a-traditional-sale-isnt-right-for-you-in-milwaukee/,https://andrewpcherry.github.io/homebuyerswi-funnel/blog/5-signs-a-traditional-sale-isnt-right-for-you-in-milwaukee/,Keep existing path
https://www.homebuyerswi.com/blog/how-to-know-when-it-is-time-to-sell-your-house-in-milwaukee/,https://www.homebuyerswi.com/blog/how-to-know-when-it-is-time-to-sell-your-house-in-milwaukee/,https://andrewpcherry.github.io/homebuyerswi-funnel/blog/how-to-know-when-it-is-time-to-sell-your-house-in-milwaukee/,Keep existing path
https://www.homebuyerswi.com/blog/key-advantages-of-selling-to-an-investor-over-a-traditional-buyer-in-milwaukee/,https://www.homebuyerswi.com/blog/key-advantages-of-selling-to-an-investor-over-a-traditional-buyer-in-milwaukee/,https://andrewpcherry.github.io/homebuyerswi-funnel/blog/key-advantages-of-selling-to-an-investor-over-a-traditional-buyer-in-milwaukee/,Keep existing path
https://www.homebuyerswi.com/blog/tax-consequences-when-selling-a-house-i-inherited-in-milwaukee/,https://www.homebuyerswi.com/blog/tax-consequences-when-selling-a-house-i-inherited-in-milwaukee/,https://andrewpcherry.github.io/homebuyerswi-funnel/blog/tax-consequences-when-selling-a-house-i-inherited-in-milwaukee/,Keep existing path
https://www.homebuyerswi.com/blog/what-to-expect-when-listing-with-a-milwaukee-real-estate-agent/,https://www.homebuyerswi.com/blog/what-to-expect-when-listing-with-a-milwaukee-real-estate-agent/,https://andrewpcherry.github.io/homebuyerswi-funnel/blog/what-to-expect-when-listing-with-a-milwaukee-real-estate-agent/,Keep existing path
https://www.homebuyerswi.com/blog/how-much-is-too-much-when-spending-money-on-your-milwaukee-home-sale/,https://www.homebuyerswi.com/blog/how-much-is-too-much-when-spending-money-on-your-milwaukee-home-sale/,https://andrewpcherry.github.io/homebuyerswi-funnel/blog/how-much-is-too-much-when-spending-money-on-your-milwaukee-home-sale/,Keep existing path
https://www.homebuyerswi.com/blog/7-instances-in-which-a-direct-sale-of-your-milwaukee-house-makes-more-sense-than-a-listing/,https://www.homebuyerswi.com/blog/7-instances-in-which-a-direct-sale-of-your-milwaukee-house-makes-more-sense-than-a-listing/,https://andrewpcherry.github.io/homebuyerswi-funnel/blog/7-instances-in-which-a-direct-sale-of-your-milwaukee-house-makes-more-sense-than-a-listing/,Keep existing path
https://www.homebuyerswi.com/blog/ways-to-tell-real-estate-agents-and-investors-apart-in-milwaukee/,https://www.homebuyerswi.com/blog/ways-to-tell-real-estate-agents-and-investors-apart-in-milwaukee/,https://andrewpcherry.github.io/homebuyerswi-funnel/blog/ways-to-tell-real-estate-agents-and-investors-apart-in-milwaukee/,Keep existing path
https://www.homebuyerswi.com/blog/the-probate-process-for-a-house-in-milwaukee-wisconsin/,https://www.homebuyerswi.com/blog/the-probate-process-for-a-house-in-milwaukee-wisconsin/,https://andrewpcherry.github.io/homebuyerswi-funnel/blog/the-probate-process-for-a-house-in-milwaukee-wisconsin/,Keep existing path
https://www.homebuyerswi.com/blog/comparing-the-mls-to-a-direct-sale-of-your-house-in-milwaukee/,https://www.homebuyerswi.com/blog/comparing-the-mls-to-a-direct-sale-of-your-house-in-milwaukee/,https://andrewpcherry.github.io/homebuyerswi-funnel/blog/comparing-the-mls-to-a-direct-sale-of-your-house-in-milwaukee/,Keep existing path
https://www.homebuyerswi.com/blog/5-costs-to-expect-with-a-traditional-sale-of-your-milwaukee-house/,https://www.homebuyerswi.com/blog/5-costs-to-expect-with-a-traditional-sale-of-your-milwaukee-house/,https://andrewpcherry.github.io/homebuyerswi-funnel/blog/5-costs-to-expect-with-a-traditional-sale-of-your-milwaukee-house/,Keep existing path
https://www.homebuyerswi.com/blog/5-signs-of-a-great-property-buyer-in-milwaukee/,https://www.homebuyerswi.com/blog/5-signs-of-a-great-property-buyer-in-milwaukee/,https://andrewpcherry.github.io/homebuyerswi-funnel/blog/5-signs-of-a-great-property-buyer-in-milwaukee/,Keep existing path
https://www.homebuyerswi.com/blog/how-to-sell-a-house-you-inherited-in-milwaukee/,https://www.homebuyerswi.com/blog/how-to-sell-a-house-you-inherited-in-milwaukee/,https://andrewpcherry.github.io/homebuyerswi-funnel/blog/how-to-sell-a-house-you-inherited-in-milwaukee/,Keep existing path
https://www.homebuyerswi.com/blog/consequences-of-foreclosure-in-milwaukee-for-sellers/,https://www.homebuyerswi.com/blog/consequences-of-foreclosure-in-milwaukee-for-sellers/,https://andrewpcherry.github.io/homebuyerswi-funnel/blog/consequences-of-foreclosure-in-milwaukee-for-sellers/,Keep existing path
https://www.homebuyerswi.com/blog/can-a-house-be-sold-while-in-probate-in-milwaukee-wisconsin/,https://www.homebuyerswi.com/blog/can-a-house-be-sold-while-in-probate-in-milwaukee-wisconsin/,https://andrewpcherry.github.io/homebuyerswi-funnel/blog/can-a-house-be-sold-while-in-probate-in-milwaukee-wisconsin/,Keep existing path
https://www.homebuyerswi.com/blog/why-wont-my-house-sell-in-greater-milwaukee-area/,https://www.homebuyerswi.com/blog/why-wont-my-house-sell-in-greater-milwaukee-area/,https://andrewpcherry.github.io/homebuyerswi-funnel/blog/why-wont-my-house-sell-in-greater-milwaukee-area/,Keep existing path
https://www.homebuyerswi.com/blog/inherited-a-house-what-to-do-in-greater-milwaukee-area/,https://www.homebuyerswi.com/blog/inherited-a-house-what-to-do-in-greater-milwaukee-area/,https://andrewpcherry.github.io/homebuyerswi-funnel/blog/inherited-a-house-what-to-do-in-greater-milwaukee-area/,Keep existing path
https://www.homebuyerswi.com/blog/foreclosure-notice-of-default-in-wisconsin-what-is-it/,https://www.homebuyerswi.com/blog/foreclosure-notice-of-default-in-wisconsin-what-is-it/,https://andrewpcherry.github.io/homebuyerswi-funnel/blog/foreclosure-notice-of-default-in-wisconsin-what-is-it/,Keep existing path
https://www.homebuyerswi.com/blog/behind-in-my-mortgage-payments-in-greater-milwaukee-area/,https://www.homebuyerswi.com/blog/behind-in-my-mortgage-payments-in-greater-milwaukee-area/,https://andrewpcherry.github.io/homebuyerswi-funnel/blog/behind-in-my-mortgage-payments-in-greater-milwaukee-area/,Keep existing path
https://www.homebuyerswi.com/blog/the-state-of-the-market-for-buyers-in-greater-milwaukee-area/,https://www.homebuyerswi.com/blog/the-state-of-the-market-for-buyers-in-greater-milwaukee-area/,https://andrewpcherry.github.io/homebuyerswi-funnel/blog/the-state-of-the-market-for-buyers-in-greater-milwaukee-area/,Keep existing path
https://www.homebuyerswi.com/blog/how-to-find-a-good-real-estate-agent-in-greater-milwaukee-area/,https://www.homebuyerswi.com/blog/how-to-find-a-good-real-estate-agent-in-greater-milwaukee-area/,https://andrewpcherry.github.io/homebuyerswi-funnel/blog/how-to-find-a-good-real-estate-agent-in-greater-milwaukee-area/,Keep existing path
https://www.homebuyerswi.com/blog/what-is-a-pre-foreclosure/,https://www.homebuyerswi.com/blog/what-is-a-pre-foreclosure/,https://andrewpcherry.github.io/homebuyerswi-funnel/blog/what-is-a-pre-foreclosure/,Keep existing path
https://www.homebuyerswi.com/blog/how-to-avoid-foreclosure-in-greater-milwaukee-area/,https://www.homebuyerswi.com/blog/how-to-avoid-foreclosure-in-greater-milwaukee-area/,https://andrewpcherry.github.io/homebuyerswi-funnel/blog/how-to-avoid-foreclosure-in-greater-milwaukee-area/,Keep existing path
https://www.homebuyerswi.com/blog/how-to-sell-your-house-to-an-investor-in-greater-milwaukee-area/,https://www.homebuyerswi.com/blog/how-to-sell-your-house-to-an-investor-in-greater-milwaukee-area/,https://andrewpcherry.github.io/homebuyerswi-funnel/blog/how-to-sell-your-house-to-an-investor-in-greater-milwaukee-area/,Keep existing path
https://www.homebuyerswi.com/blog/selling-your-home-during-a-divorce-in-greater-milwaukee-area/,https://www.homebuyerswi.com/blog/selling-your-home-during-a-divorce-in-greater-milwaukee-area/,https://andrewpcherry.github.io/homebuyerswi-funnel/blog/selling-your-home-during-a-divorce-in-greater-milwaukee-area/,Keep existing path
https://www.homebuyerswi.com/blog/how-to-stay-in-my-home-after-foreclosure-in-greater-milwaukee-area/,https://www.homebuyerswi.com/blog/how-to-stay-in-my-home-after-foreclosure-in-greater-milwaukee-area/,https://andrewpcherry.github.io/homebuyerswi-funnel/blog/how-to-stay-in-my-home-after-foreclosure-in-greater-milwaukee-area/,Keep existing path
https://www.homebuyerswi.com/blog/what-do-i-need-to-do-to-sell-my-house-in-greater-milwaukee-area/,https://www.homebuyerswi.com/blog/what-do-i-need-to-do-to-sell-my-house-in-greater-milwaukee-area/,https://andrewpcherry.github.io/homebuyerswi-funnel/blog/what-do-i-need-to-do-to-sell-my-house-in-greater-milwaukee-area/,Keep existing path
https://www.homebuyerswi.com/blog/we-buy-houses-in-greater-milwaukee-area-companies/,https://www.homebuyerswi.com/blog/we-buy-houses-in-greater-milwaukee-area-companies/,https://andrewpcherry.github.io/homebuyerswi-funnel/blog/we-buy-houses-in-greater-milwaukee-area-companies/,Keep existing path
https://www.homebuyerswi.com/blog/understanding-the-foreclosure-process-in-customer-market_state/,https://www.homebuyerswi.com/blog/understanding-the-foreclosure-process-in-customer-market_state/,https://andrewpcherry.github.io/homebuyerswi-funnel/blog/understanding-the-foreclosure-process-in-customer-market_state/,Keep existing path
https://www.homebuyerswi.com/blog/can-i-sell-my-greater-milwaukee-area-house-in-foreclosure/,https://www.homebuyerswi.com/blog/can-i-sell-my-greater-milwaukee-area-house-in-foreclosure/,https://andrewpcherry.github.io/homebuyerswi-funnel/blog/can-i-sell-my-greater-milwaukee-area-house-in-foreclosure/,Keep existing path
https://www.homebuyerswi.com/blog/selling-my-house-for-cash-in-greater-milwaukee-area/,https://www.homebuyerswi.com/blog/selling-my-house-for-cash-in-greater-milwaukee-area/,https://andrewpcherry.github.io/homebuyerswi-funnel/blog/selling-my-house-for-cash-in-greater-milwaukee-area/,Keep existing path
https://www.homebuyerswi.com/blog/how-do-i-sell-my-house-without-an-agent-in-greater-milwaukee-area-wisconsin/,https://www.homebuyerswi.com/blog/how-do-i-sell-my-house-without-an-agent-in-greater-milwaukee-area-wisconsin/,https://andrewpcherry.github.io/homebuyerswi-funnel/blog/how-do-i-sell-my-house-without-an-agent-in-greater-milwaukee-area-wisconsin/,Keep existing path
https://www.homebuyerswi.com/blog/selling-my-house-fast-in-greater-milwaukee-area/,https://www.homebuyerswi.com/blog/selling-my-house-fast-in-greater-milwaukee-area/,https://andrewpcherry.github.io/homebuyerswi-funnel/blog/selling-my-house-fast-in-greater-milwaukee-area/,Keep existing path
https://www.homebuyerswi.com/blog/im-relocating-and-need-to-sell-my-house-in-greater-milwaukee-area/,https://www.homebuyerswi.com/blog/im-relocating-and-need-to-sell-my-house-in-greater-milwaukee-area/,https://andrewpcherry.github.io/homebuyerswi-funnel/blog/im-relocating-and-need-to-sell-my-house-in-greater-milwaukee-area/,Keep existing path
https://www.homebuyerswi.com/blog/avoid-trouble-paying-your-mortgage/,https://www.homebuyerswi.com/blog/avoid-trouble-paying-your-mortgage/,https://andrewpcherry.github.io/homebuyerswi-funnel/blog/avoid-trouble-paying-your-mortgage/,Keep existing path
